Rk,School,G,Pts,Cmp,PAtt,Pct,PYds,PTD,RAtt,RYds,Avg,RTD,Plays,Yds,PFD,RFD
77,Air Force,3,23.7,14,25.3,55.3,168.3,0.7,31,129,4.2,2,56.3,297.3,7,2
123,Akron,4,31.8,19,31.3,60.8,257.5,2.5,29.8,152.8,5.1,1,61,410.3,6.8,1.8
47,Alabama,4,20.3,16.5,28.3,58.4,221.5,1.3,32.3,93.8,2.9,1,60.5,315.3,5,1.5
65,Appalachian State,4,22.3,21.3,34.3,62,223,1,33.5,120.3,3.6,1.5,67.8,343.3,7.3,1.8
40,Arizona,4,19,22,35.3,62.4,228.3,1.3,26.3,80.3,3.1,0.8,61.5,308.5,5.8,1.5
79,Arizona State,3,24,14.3,27.3,52.4,161.3,1.3,33.7,124.3,3.7,0.7,61,285.7,6.7,1.7
101,Arkansas,4,27,17.3,26.3,65.7,200,1,29.8,124.8,4.2,2.8,56,324.8,6.5,2.3
74,Arkansas State,4,23.5,17.3,25.5,67.6,207,1.5,37.3,183.8,4.9,1.8,62.8,390.8,10.5,1.3
30,Army,3,16,13.7,24.3,56.2,193,1.3,29,138,4.8,0.7,53.3,331,7.3,1
51,Auburn,4,20.8,21.8,36,60.4,238.8,1,41,127,3.1,1.3,77,365.8,7.8,3
135,Ball State,4,37.5,21.3,30.5,69.7,254.5,2.8,36.5,199.3,5.5,2.3,67,453.8,9.3,1.3
16,Baylor,4,13,22.3,37,60.1,209,0.5,34.8,97,2.8,1,71.8,306,6.5,2.5
54,Boise State,4,21.3,18,30.3,59.5,278.8,1.8,23.8,100.8,4.2,0.8,54,379.5,4.5,2.3
70,Boston College,4,23,18.3,27.3,67,165.8,1.8,40.8,175,4.3,1,68,340.8,9.5,1.3
132,Bowling Green,4,36.3,15.3,21.3,71.8,170.5,2,38.8,262.3,6.8,2,60,432.8,11.3,2.5
126,Buffalo,4,33.3,17.3,33.8,51.1,255.5,2.3,33.3,170.8,5.1,1.8,67,426.3,6.5,2.5
29,BYU,3,15.7,21,34.3,61.2,195,1,26.7,76,2.9,1,61,271,6,2.3
75,California,4,23.5,17,31.8,53.5,173.8,0.5,35.8,191,5.3,2.3,67.5,364.8,8.8,3
104,Central Michigan,4,27.5,18.8,30.3,62,208.5,1,34.3,165.3,4.8,2.3,64.5,373.8,8.8,3.3
130,Charlotte,4,36,21.3,29.8,71.4,232.3,1.3,39,154.5,4,3.3,68.8,386.8,9.3,1.3
48,Cincinnati,4,20.5,22.3,37.5,59.3,254,0.8,29,117.5,4.1,1.5,66.5,371.5,7.5,2
63,Clemson,4,22,19.8,36,54.9,214.8,1,35.5,157.8,4.4,1.3,71.5,372.5,10.3,2
76,Coastal Carolina,4,23.5,14,21.3,65.9,189.3,1.8,42.5,187.8,4.4,1.3,63.8,377,9,1.5
82,Colorado,4,24.5,18.8,34.3,54.7,237.3,2,36.3,117.8,3.2,0.5,70.5,355,7.5,3
129,Colorado State,4,34.3,14.3,22.8,62.6,224,1,39,230,5.9,3,61.8,454,11,0.8
66,Connecticut,4,22.3,26.8,41.8,64.1,279.8,1.3,30.5,95,3.1,1.5,72.3,374.8,5.8,3.5
83,Delaware,4,24.5,21.8,36.5,59.6,276.8,2,34.8,100.5,2.9,1.3,71.3,377.3,6.8,1.5
7,Duke,4,11,18.3,30.8,59.3,198,1.3,27.3,63.8,2.3,0,58,261.8,4.3,1.8
90,East Carolina,4,25.3,16,27,59.3,198.5,0.3,44.8,142.5,3.2,2.3,71.8,341,8.8,3.3
102,Eastern Michigan,5,27.2,19.8,32.6,60.7,233.8,1.6,32.6,139.4,4.3,1.2,65.2,373.2,7.4,1.2
69,Florida,4,22.8,25,40,62.5,248.3,1.3,30,103,3.4,1.5,70,351.3,6,2.3
119,Florida Atlantic,4,30.8,18.5,30.5,60.7,257.5,2,34.3,169,4.9,2,64.8,426.5,7.5,3
22,Florida International,4,14.5,16.8,29,57.8,164.8,0.5,32,80,2.5,0.5,61,244.8,5.5,0.8
91,Florida State,4,25.3,22.5,34.8,64.7,290,2,33.3,139.8,4.2,1,68,429.8,7.8,2.3
41,Fresno State,4,19,18.3,29.3,62.4,231.3,1.3,37.3,171.8,4.6,1,66.5,403,9.5,0.5
18,Georgia,4,13.3,21.8,34.8,62.6,182,1,31,50.5,1.6,0.8,65.8,232.5,3.8,1.8
78,Georgia Southern,4,23.8,15.8,27.5,57.3,184.8,1.8,34,117,3.4,0.8,61.5,301.8,7.8,2.5
55,Georgia State,4,21.3,17,29.3,58.1,197.8,1,30.5,143,4.7,1.5,59.8,340.8,7.5,1
95,Georgia Tech,4,26,14,24.5,57.1,192.5,1.5,44.3,189,4.3,1.3,68.8,381.5,10.8,2
96,Hawaii,4,26,16.5,27.5,60,221.5,0.5,37.5,178.3,4.8,2.5,65,399.8,10,2
49,Houston,4,20.5,20.8,33.8,61.5,262.3,1.5,26.3,63.5,2.4,1.5,60,325.8,3.8,2
100,Illinois,4,26.5,20.5,32.8,62.6,255,2.3,35.5,136,3.8,1,68.3,391,8.8,1.8
5,Indiana,4,9.8,18,27.8,64.9,168,0.5,30.3,65.8,2.2,0.5,58,233.8,3.8,1.3
1,Iowa,4,8,13.5,26,51.9,152,0.8,32.5,87.8,2.7,0,58.5,239.8,4.3,1.3
31,Iowa State,4,16,16.3,25.3,64.4,158.8,0.8,34.3,113.8,3.3,1,59.5,272.5,6,1
60,Jacksonville State,5,21.8,16.2,24.6,65.9,150.8,1,39.4,170.8,4.3,1,64,321.6,9.6,1.8
11,James Madison,4,12.3,17.3,31.8,54.3,204.5,0.8,37.5,88.8,2.4,0.5,69.3,293.3,5.5,2.3
68,Kansas,3,22.7,13.3,24.3,54.8,166,1.3,39,115,2.9,1,63.3,281,5,1.3
24,Kansas State,4,15.3,9.3,19.5,47.4,106.3,0.5,35,139.8,4,1,54.5,246,7.8,1.3
67,Kennesaw State,4,22.5,18.3,26.5,68.9,196.5,0.5,36,166.5,4.6,2,62.5,363,8.5,1.8
131,Kent State,4,36,19.5,28.8,67.8,257,2,32.5,131.8,4.1,2.5,61.3,388.8,7,1.5
88,Kentucky,4,25,22.3,38.3,58.2,234,1.3,33.5,122.3,3.6,1.8,71.8,356.3,7,2.3
38,Liberty,4,18.8,13.8,28,49.1,152.5,0.8,32.5,131.5,4,1,60.5,284,7.5,3
43,Louisiana,4,19.3,17.5,29.8,58.8,168.3,1.3,28.8,92.5,3.2,0.5,58.5,260.8,4.5,1.3
111,Louisiana Tech,3,29,17.7,27,65.4,225.7,1.3,44,132.7,3,2,71,358.3,8,1.7
138,Louisiana-Monroe,4,42.8,21,31.3,67.2,255,2.3,41.5,242.3,5.8,2.3,72.8,497.3,12.5,0.3
109,Louisville,4,28.8,19.3,31.3,61.6,240.3,1.5,39,165.3,4.2,1.8,70.3,405.5,9,3.8
27,LSU,4,15.5,17.8,30.3,58.7,179.3,0.8,28.8,47.5,1.7,0.8,59,226.8,5.3,1.3
125,Marshall,4,32.5,21.8,34,64,296.3,3,32.5,154.5,4.8,0.8,66.5,450.8,7,1.8
93,Maryland,4,25.8,16.5,25.8,64.1,188.5,1.5,34.3,118.5,3.5,1.5,60,307,6.3,1.8
15,Massachusetts,4,12.8,19.8,34.3,57.7,208.5,1.3,32.3,74.8,2.3,0.3,66.5,283.3,5,1.5
97,Memphis,4,26,20,31.3,64,253.5,1.5,36.3,187.3,5.2,1.8,67.5,440.8,9.8,1.8
4,Miami (FL),4,9,20.8,35,59.3,185,0.8,21.3,39.5,1.9,0,56.3,224.5,2.3,1.3
118,Miami (OH),4,30.5,23.8,36,66,286.3,2.8,28.3,122.3,4.3,1.5,64.3,408.5,6,1.8
23,Michigan,4,14.8,15.8,26,60.6,149.5,1.3,32.8,86.8,2.6,0,58.8,236.3,5.3,2.3
56,Michigan State,4,21.3,15.3,24.5,62.2,190,1,32.5,124,3.8,1.8,57,314,7.5,2
57,Middle Tennessee State,4,21.3,15.5,24.3,63.9,188,0.5,34.3,161.3,4.7,2,58.5,349.3,8.5,2.5
42,Minnesota,4,19,16,26,61.5,174.5,1.5,30.5,97.8,3.2,1,56.5,272.3,6,2.5
53,Mississippi State,4,21,23.8,39,60.9,249,1.5,32.3,104.8,3.2,0.3,71.3,353.8,5.5,2
52,Missouri,4,20.8,17.5,31.3,56,218.3,2,36.3,100.3,2.8,0.5,67.5,318.5,7.5,2.5
124,Missouri State,4,32,20.8,30.8,67.5,258.8,2.3,41.5,187.3,4.5,1.8,72.3,446,11.5,2.3
92,Navy,3,25.7,18,24,75,255.7,2.7,32.7,65.7,2,0.7,56.7,321.3,7.7,1.7
10,Nebraska,4,12,13,23.8,54.7,143,0.8,33.3,90.5,2.7,0.5,57,233.5,6,1.3
81,Nevada,4,24.3,15.3,26.5,57.5,163.3,1,47.3,207.3,4.4,1.8,73.8,370.5,11,2.3
61,Nevada-Las Vegas,4,21.8,15.8,31,50.8,213.5,1,34.3,150.8,4.4,1.3,65.3,364.3,8,2.8
8,New Mexico,4,11.5,15.5,26.8,57.9,168.3,1.3,30.8,83.8,2.7,0.3,57.5,252,5.5,0.8
114,New Mexico State,4,29.8,19.3,30.3,63.6,224.8,1,34.8,151.8,4.4,2.8,65,376.5,8,1
20,North Carolina,3,13.7,21,31.3,67,189.3,0.3,36.7,123,3.4,1,68,312.3,9,1
89,North Carolina State,4,25,15.8,27.8,56.8,206.3,1.8,31.3,121.5,3.9,1.3,59,327.8,6.8,1.3
12,North Dakota State,4,12.3,14.5,25,58,154.5,0.8,33.5,100.3,3,0.8,58.5,254.8,6.5,2
116,North Texas,4,30.3,15.8,24.3,64.9,212.5,2.3,38.5,164.8,4.3,1.8,62.8,377.3,7.5,1.8
133,Northern Illinois,4,36.3,22.3,31.5,70.6,231.5,2.8,34,154.5,4.5,1.3,65.5,386,8.5,1.3
36,Northwestern,3,18,20.3,35.3,57.5,218,0.7,37.7,199.3,5.3,1,73,417.3,9.3,2.7
2,Notre Dame,4,8.3,15.3,24.3,62.9,145.5,0.5,30.8,53.8,1.7,0.3,55,199.3,5.5,0.5
122,Ohio,4,31,15.8,24.3,64.9,219.5,1.5,39.3,168.5,4.3,2.5,63.5,388,9.3,1.8
13,Ohio State,4,12.3,18,33.3,54.1,160.3,0.5,32.8,114,3.5,0.8,66,274.3,7,1.5
32,Oklahoma,4,16,10.5,20.3,51.9,122.5,0.3,35.8,115.5,3.2,1.3,56,238,5,2
44,Oklahoma State,4,19.8,13.8,24.5,56.1,158.5,0.8,38,158.8,4.2,1.5,62.5,317.3,7.5,1.5
115,Old Dominion,4,30,20.3,31.8,63.8,191.8,1.8,41.5,137.5,3.3,1,73.3,329.3,6.8,3.3
120,Ole Miss,4,30.8,17.5,26.8,65.4,210,1,42,194.8,4.6,2.5,68.8,404.8,10.5,1.8
72,Oregon,4,23.3,18,33.5,53.7,231.3,1.8,31.5,113,3.6,0.8,65,344.3,6.3,2.3
71,Oregon State,4,23,22.3,32.3,69,218.5,1.5,39,142.8,3.7,1.5,71.3,361.3,7.3,3
9,Penn State,4,11.5,15,28.3,53.1,126.3,0.5,31.3,113.3,3.6,0.8,59.5,239.5,5.8,1.8
3,Pitt,4,8.5,18.5,32.3,57.4,191.3,0.5,26.3,53.3,2,0.5,58.5,244.5,4.5,2.8
136,Purdue,4,39.5,15.8,26.8,58.9,246.5,2.3,36.3,199.5,5.5,2.5,63,446,10.3,2
117,Rice,4,30.3,17.3,27.8,62.2,196,2,35.8,183,5.1,1.8,63.5,379,8.3,1.3
107,Rutgers,4,28.5,16.3,25.5,63.7,194.3,1.5,33.3,166.8,5,1.5,58.8,361,10,0.5
108,Sacramento State,5,28.6,17.4,25.6,68,196.4,1.2,33.6,150,4.5,2.2,59.2,346.4,6,2.4
80,Sam Houston,4,24,13.3,27.8,47.7,145.3,1.3,38.3,190.3,5,1.5,66,335.5,9,2
110,San Diego State,4,28.8,20,31,64.5,240.3,1.5,42,172.5,4.1,1.8,73,412.8,8.5,1.3
103,San Jose State,4,27.3,23.3,37,62.8,237.5,1.3,33.3,130,3.9,2,70.3,367.5,8,1
84,SMU,4,24.8,16.8,29,57.8,161,1.5,33.5,148.5,4.4,1.5,62.5,309.5,6.3,2.5
121,South Alabama,4,30.8,16.5,24.8,66.7,202.3,2,29,200,6.9,2.3,53.8,402.3,7.8,1.5
85,South Carolina,4,24.8,18,27.8,64.9,221,2.5,29.5,95,3.2,0.5,57.3,316,5,1.3
21,South Florida,4,14,18.5,29,63.8,200.3,1.3,35,121.8,3.5,0.3,64,322,8.5,0.5
113,Southern Mississippi,4,29.5,17,27.8,61.3,194,1.5,45,235.3,5.2,1.5,72.8,429.3,11.5,1.8
127,Stanford,4,33.5,25.5,37.8,67.5,294.3,2.5,33.3,149.5,4.5,2,71,443.8,9,1.3
35,Syracuse,3,17,15.3,27.7,55.4,134.7,0.7,32.3,124,3.8,1,60,258.7,7.3,3.3
14,TCU,4,12.5,15,24.3,61.9,178.8,0.5,30,86,2.9,1,54.3,264.8,4.3,2.8
105,Temple,4,27.8,19.5,28.8,67.8,232,2,36.5,157.8,4.3,1.8,65.3,389.8,10.3,1.5
28,Tennessee,4,15.5,18.3,28.8,63.5,163.5,0.3,33.3,118.8,3.6,1,62,282.3,7.3,1.8
19,Texas,4,13.3,17.3,29,59.5,171.8,0.5,35,99.3,2.8,0.5,64,271,6.8,2.3
58,Texas A&M,4,21.5,15,24.3,61.9,212,1.5,31.5,125.5,4,1.3,55.8,337.5,6.5,0.5
128,Texas State,4,33.8,31.5,46.5,67.7,348.3,2.5,33.3,121,3.6,1.8,79.8,469.3,6.5,2
37,Texas Tech,4,18.5,25,40,62.5,253.5,2,28,94.8,3.4,0,68,348.3,6.5,1.3
98,Toledo,4,26,18.8,31.8,59.1,181.3,1.5,38.5,133,3.5,1,70.3,314.3,6.8,1.8
59,Troy,4,21.5,18,29.5,61,197.5,1.8,29.5,111.8,3.8,0.8,59,309.3,6.3,3.5
73,Tulane,4,23.3,18.8,29.5,63.6,231,1.3,40,191,4.8,1.8,69.5,422,9,1.5
25,Tulsa,4,15.3,24,39.8,60.4,257.3,1,35.8,109.8,3.1,0.5,75.5,367,8.8,2.3
94,UAB,4,25.8,10.3,17.3,59.4,113,0.8,45,206.3,4.6,2.3,62.3,319.3,11.8,2.5
26,UCF,4,15.3,20.8,34.5,60.1,219.5,0.8,36.3,111.5,3.1,0.8,70.8,331,5.3,1.3
39,UCLA,4,18.8,17.8,33.8,52.6,225.8,1.5,34,91.3,2.7,0.8,67.8,317,5.8,3.3
99,USC,5,26.4,18,28.2,63.8,236.2,1.6,29.6,118.6,4,1.8,57.8,354.8,6.2,2.6
6,Utah,4,10.3,17.3,36.8,46.9,174.5,0.5,29.3,84,2.9,0.8,66,258.5,5,2.3
64,Utah State,4,22,23.5,40,58.8,228.3,1,32.8,139.8,4.3,1,72.8,368,7.5,2.5
134,UTEP,4,36.5,17.5,25.8,68,219.3,2.3,36,154.3,4.3,1.8,61.8,373.5,8.5,1.3
112,UTSA,4,29.3,22.3,39.3,56.7,237.5,1.3,41.3,213.3,5.2,1.8,80.5,450.8,10.5,2.8
62,Vanderbilt,4,21.8,17.8,29.5,60.2,194,1.5,33.3,116.3,3.5,0.8,62.8,310.3,7.3,2
17,Virginia,4,13,12.5,26.3,47.6,130.3,0.5,34,116.8,3.4,1,60.3,247,6,2
33,Virginia Tech,4,16,14.8,25.3,58.4,186,1,33.3,83.3,2.5,1,58.5,269.3,4.3,1.3
106,Wake Forest,4,28,29.3,36.3,80.7,257.3,1.8,37,127,3.4,1.5,73.3,384.3,9.8,2.8
34,Washington,4,16.8,17.3,28,61.6,178.8,1.3,34.8,110.5,3.2,0.5,62.8,289.3,6,3.5
86,Washington State,4,24.8,19.5,31.3,62.4,207,2,34.8,173.3,5,1,66,380.3,9,2.3
87,West Virginia,4,24.8,21,32.5,64.6,282.3,2,35.5,144.3,4.1,0.8,68,426.5,7,1.5
137,Western Kentucky,4,41,16.5,27.5,60,218.5,2.5,35.3,220.5,6.3,2.8,62.8,439,9.3,0.5
45,Western Michigan,4,20,16.8,27.5,60.9,192,1.5,38.8,161.5,4.2,1.3,66.3,353.5,9.3,2
46,Wisconsin,4,20,16,28,57.1,163.8,0.8,34,111.5,3.3,0.8,62,275.3,6.5,1.8
50,Wyoming,4,20.5,17.5,27.8,63.1,176.5,1.8,37.8,183.5,4.9,0.8,65.5,360,10.5,1
