Rk_off,School,Pts_off,Cmp_off,PAtt,Pct_off,PYds,PTD_off,Ratt_off,Ryds_off,Avg_off,RTD_off,Plays_off,Yds_off,Avg.1_off,PFD_off,RFD_off,Rk_def,Pts_def,Cmp_def,Patt,Pct_def,Pyds,PTD_def,Ratt_def,Ryds_def,Avg_def,RTD_def,Plays_def,Yds_def,Avg.1_def,PFD_def,RFD_def,Rk,W,L,OSRS,DSRS,TSRS,Off,PYPA,RYPA
1,north texas,45.1,23.2,33.9,68.4,318,2.5,36.9,194.4,5.3,3.5,70.9,512.4,7.2,14.2,9.8,78,26.5,15.6,27.7,56.2,166.2,1.1,43.4,215.7,5,2,71.1,381.9,5.4,7.7,11.6,27,12,2,13.47,-3.42,10.05,59.46,10.68,6.54
2,notre dame,42,18.1,26.9,67.2,255.1,2.1,35.8,203.4,5.7,3.2,62.7,458.5,7.3,11.4,9.1,11,17.6,19.2,34.4,55.7,213.4,1.2,33.5,100.1,3,0.7,67.9,313.5,4.6,9.4,6.4,3,10,2,11.67,10.19,21.85,61.92,11.45,7.39
3,indiana,41.6,18.3,25.4,71.9,239.1,2.9,41.2,212.9,5.2,2.2,66.6,452,6.8,10.6,11.5,2,11.7,18.9,30.4,62,188.8,0.6,25.8,77.2,3,0.5,56.3,266,4.7,8.4,4.1,1,16,0,10.06,15.42,25.48,64.98,11.9,7.03
4,utah,41.3,18,28.7,62.7,216.6,2.1,44.2,266.3,6,3.2,72.9,482.9,6.6,9.5,13.8,18,18.9,14.6,29.6,49.4,177.8,0.9,37.5,181.2,4.8,1.4,67.2,359,5.3,7.8,9.4,8,11,2,11.05,6.43,17.48,59.77,9.62,7.65
5,south florida,40.5,20.7,31.2,66.4,276.6,2.5,38.9,212.1,5.4,2.2,70.1,488.7,7,10.5,10.8,53,23.4,22.7,36.8,61.6,242.8,1.2,38.5,143.7,3.7,1.6,75.3,386.5,5.1,11.4,8.7,24,9,4,8.57,2.11,10.67,55.06,10.27,6.85
6,tennessee,39.8,22.5,33.6,66.8,292.8,2,38.2,173.5,4.5,2.7,71.8,466.3,6.5,13.3,9.7,92,28.8,22.4,33.9,66,244.8,1.5,37.5,152.4,4.1,1.8,71.5,397.2,5.6,11.3,9.1,29,8,5,12.67,-3.59,9.08,58.2,10.34,6.29
7,texas tech,39.4,22.8,34.7,65.6,278.5,2.4,39.4,182.9,4.6,2.1,74.1,461.4,6.2,11.3,10.4,3,11.8,20.4,34.5,59.2,190.1,0.8,31,68.1,2.2,0.6,65.5,258.3,3.9,7.4,5.1,4,12,2,6.67,14.39,21.06,57.51,9.84,6.32
8,vanderbilt,38.5,21.5,30.8,69.8,287.5,2.3,31.2,175.5,5.6,2.7,62,463.1,7.5,13.2,8.8,48,22.8,23.5,35.2,66.6,249.4,1.8,29.4,108.2,3.7,0.8,64.6,357.5,5.5,11.7,6.5,13,10,3,12.28,2.38,14.67,58.42,11.39,7.61
9,james madison,37.1,16.1,27.5,58.4,211.1,1.9,43.6,241.5,5.5,2.7,71.1,452.6,6.4,8.4,12.5,13,18.4,15.3,30.1,50.8,181.6,1.3,30.4,85.1,2.8,0.6,60.5,266.6,4.4,7.3,5.2,25,12,2,4.65,5.95,10.6,49.6,8.95,6.69
10,ole miss,36.9,22.7,34.9,65,313.3,1.7,38.4,176.3,4.6,2.6,73.3,489.7,6.7,13.3,9.9,37,21.1,17.3,30.5,56.8,198.9,1.1,35.9,149.1,4.1,1.3,66.5,348,5.2,8.5,8.5,10,13,2,11.72,4.49,16.2,58.65,10.86,6.72
11,oregon,36.9,20.9,29.1,71.6,253.6,2.1,36.7,198.6,5.4,2.3,65.9,452.2,6.9,11,9.5,12,17.9,15.1,28.3,53.3,157.9,1.3,33.9,115.7,3.4,0.9,62.1,273.7,4.4,7.3,6.8,5,13,2,11.08,9.51,20.6,59.96,10.81,7.32
12,texas state,36.5,19.5,27.8,70.1,250.8,1.6,43,222.1,5.2,2.8,70.8,472.8,6.7,9.8,11.7,95,29,20.5,30.9,66.2,218.1,1.8,38.8,164.8,4.2,1.9,69.8,382.9,5.5,10,9.3,70,7,6,7,-6.8,0.2,47.49,9.96,6.28
13,usc,35.8,21.5,32.3,66.7,296,2,32.9,169.5,5.1,2.2,65.2,465.5,7.1,13.2,7.8,51,23,19.9,30.3,65.7,207.5,1.7,32.9,143.2,4.4,1.2,63.2,350.8,5.5,9.5,8.5,12,9,4,10.14,4.57,14.71,56.85,11.46,6.79
14,utsa,35.5,23,34.5,66.7,247.6,2.6,34.2,171.2,5,1.6,68.6,418.8,6.1,11.1,8.3,93,28.8,18.2,30.3,59.9,222.7,2,35.2,149.6,4.2,1.2,65.5,372.3,5.7,10,6.8,58,7,6,5.9,-2.96,2.94,49.28,8.61,6.13
15,connecticut,35.3,23.7,34.8,68,284.4,2.3,31.3,160.8,5.1,2,66.2,445.2,6.7,11.8,8,81,27,19.8,30.2,65.4,218.5,1.3,42.1,199.5,4.7,2.2,72.3,418,5.8,10,11.5,84,9,4,3.63,-5.59,-1.96,44.86,8.86,5.95
16,duke,34.6,24,36.1,66.4,285.4,2.4,32.5,138.1,4.3,1.9,68.6,423.5,6.2,12.6,7.6,98,29.4,22.2,33.1,67.2,276.8,1.5,34.4,147.4,4.3,2.1,67.5,424.2,6.3,12.3,7.9,36,9,5,11.16,-3.46,7.7,53.06,9.89,5.82
18,washington,34.1,19.6,28.5,68.9,244.5,2,35.8,165.5,4.6,2.3,64.3,409.9,6.4,10.9,10.2,15,18.7,20.7,34.5,60,211.3,1.3,30.6,100.1,3.3,0.7,65.1,311.4,4.8,10.3,5.4,17,9,4,6.95,6.05,13,54.53,10.78,6.01
19,texas a&m,33.8,19.1,31.4,60.8,259.8,2,38.3,184.7,4.8,2.2,69.7,444.5,6.4,11.4,9.2,36,21,16.5,29.3,56.2,176.6,1.3,31.2,130.8,4.2,1,60.5,307.4,5.1,7,6.9,7,11,2,11.49,6.12,17.62,55.06,10.41,6.89
20,pitt,33.7,22.2,35.7,62.3,273.3,2.2,33.2,117.2,3.5,1.4,68.9,390.5,5.7,11.5,6.5,68,24.8,20.8,33.2,62.9,235.3,2.2,34.9,95.1,2.7,0.9,68.1,330.4,4.9,9.2,6.8,31,8,5,7.62,1.36,8.98,52.57,9.51,5.22
21,ohio state,33.4,22.4,29.1,76.7,268.2,2.4,33.9,154.4,4.5,1.8,63.1,422.6,6.7,12.9,8.6,1,9.3,14.9,24.4,60.8,129.7,0.5,30.4,89.4,2.9,0.4,54.8,219.1,4,6.3,5.4,2,12,2,5.96,17.12,23.08,55.64,11.32,6.28
22,florida state,33,16.7,28.3,59,253.4,1.7,42.2,218.7,5.2,2.6,70.4,472.1,6.7,9.7,12.7,43,22,16.9,27.2,62.3,190.8,1.7,38.4,138.1,3.6,1,65.6,328.8,5,8.5,8.3,45,5,7,2.8,3.46,6.26,52.73,11.03,7.19
23,arkansas,32.9,19.3,31.8,60.6,262.9,1.8,33.8,191.9,5.7,2.1,65.5,454.8,6.9,10.9,10.7,129,33.8,17.8,28.3,62.8,239.3,1.8,39.6,185.9,4.7,2,67.8,425.2,6.3,10.4,10.6,65,2,10,7.75,-5.57,2.18,53.47,10.42,7.67
24,east carolina,32.7,21.9,33.8,64.8,272.7,1.7,43,176.3,4.1,2.4,76.8,449,5.8,11.6,9.9,25,20.1,22.2,34.9,63.4,230.8,1.2,33.5,120.2,3.6,0.8,68.4,351,5.1,10.2,7.4,40,9,4,1.46,5.52,6.98,46.52,9.45,5.47
25,memphis,32.5,21.4,31.7,67.5,228.4,1.3,36.3,183.2,5,2.6,68,411.6,6.1,10.1,10.8,52,23.2,18.3,30.2,60.7,227.2,1.2,35.4,131,3.7,1.7,65.5,358.2,5.5,10.5,6.8,50,8,5,3.82,0.97,4.79,45.07,8.12,6.39
26,georgia tech,32.2,21.2,30.3,69.8,262.5,1.2,35.6,197.5,5.5,2.4,65.9,460,7,11,10.5,69,25,19.5,31.4,62.3,235.2,1.5,35.8,164,4.6,1.6,67.2,399.2,5.9,10.8,8.5,34,9,4,7.24,1.23,8.47,49.58,10.46,7.13
27,smu,32.2,23.5,35.4,66.3,283.1,2,30.9,133.9,4.3,1.9,66.3,417,6.3,11.3,7.4,32,20.5,24.5,40.2,60.9,283.2,2,35.1,111.9,3.2,0.4,75.2,395.1,5.3,12.7,6.8,21,9,4,7.02,4.05,11.07,49.87,10.1,5.86
28,georgia,32.1,20.5,29.8,68.8,220.2,1.8,41.4,182.1,4.4,2.2,71.2,402.4,5.6,11,10.6,10,17.6,19.9,32.8,60.8,216.5,1,27.7,81.5,2.9,1,60.5,298,4.9,9.4,5,9,12,2,7.53,9.79,17.33,51.17,9.13,6.19
29,old dominion,32,14.7,25.5,57.5,216.4,1.6,42.6,238.3,5.6,2.4,68.2,454.7,6.7,9.2,11.3,14,18.5,19,31.5,60.4,191.5,1.2,38.2,140.1,3.7,1,69.6,331.5,4.8,8.2,7.4,41,10,3,0.96,5.91,6.87,44.26,9.64,6.85
30,arizona,31.5,21.6,34.3,63,255.2,2.2,35.6,152.4,4.3,1.5,69.9,407.6,5.8,11.2,8.6,21,19.3,16,29.6,54,165.3,0.7,36.4,143.2,3.9,1.5,66,308.5,4.7,7.5,7.5,20,9,4,4.02,7.24,11.27,49.02,9.09,5.83
31,navy,31.5,8.2,14,58.2,130,0.9,49.6,285.6,5.8,3.2,63.6,415.6,6.5,5,14.4,70,25,18.4,28.6,64.2,230,1.6,34.8,141.3,4.1,1.5,63.4,371.3,5.9,10.2,7.4,46,11,2,4.09,2,6.09,44.54,10.47,6.97
33,baylor,31.1,25.8,42.6,60.5,309.6,2.6,34.2,141.5,4.1,1,76.8,451.1,5.9,13.2,9.1,122,32.6,17.8,28.7,62.2,194.9,1.4,40.3,197.3,4.9,2.5,68.9,392.2,5.7,9.1,10.6,62,5,7,8.19,-5.96,2.23,50.36,9.14,6.02
34,penn state,31,17.4,26.1,66.7,187.6,1.2,36.5,174.4,4.8,2.3,62.6,362,5.8,8.9,10,31,20.5,17.7,28.2,62.8,184.2,1.2,35.2,142.5,4.1,1.2,63.3,326.8,5.2,7.9,8.2,26,7,6,6.18,3.94,10.12,51.99,9.41,6.23
35,miami (fl),30.9,22.2,30.9,71.7,253.2,2,35.4,151.8,4.3,1.8,66.4,405,6.1,11.7,8.8,5,14.8,19.5,32.6,59.9,204.9,0.8,30.3,89.3,3,0.8,62.8,294.1,4.7,9.3,5.9,6,13,3,6.76,13.72,20.48,53.08,10.52,6.31
36,utah state,30.9,18.6,31,60,247,2,34.5,162.5,4.7,1.9,65.5,409.5,6.2,10.3,7.8,90,28.7,21.7,36.8,58.9,258.8,2,37.5,181.2,4.8,1.5,74.4,440.1,5.9,12.1,9.2,86,6,7,2.02,-4.78,-2.75,45.11,9.44,5.89
37,marshall,30.8,18.2,27.9,65.1,207.9,1.5,41.8,197,4.7,1.9,69.7,404.9,5.8,10.2,9.6,109,30.3,17.9,30.7,58.4,261.7,2,38.3,148.9,3.9,1.8,68.9,410.6,6,10.8,7.2,92,5,7,2.86,-6.91,-4.05,41.66,8.47,5.87
38,toledo,30.8,19.7,30.7,64.2,238.1,2.1,36.3,177.2,4.9,1.7,67,415.2,6.2,11.2,8.7,4,13.3,13.6,27.2,50.1,158,0.8,35.9,96.3,2.7,0.8,63.1,254.3,4,6.2,6.3,54,8,5,-1.85,5.62,3.78,44.29,9.15,5.99
39,virginia,30.8,22.5,35.1,64,239.1,1.3,39.1,178.7,4.6,2.1,74.3,417.9,5.6,10.8,9.6,22,19.6,17.5,29.4,59.5,195.6,1.1,33.2,113.9,3.4,1.2,62.6,309.5,4.9,8.3,6.4,23,11,3,5.07,5.94,11.01,47.89,8.67,6.21
41,texas,30.5,19.8,32.4,61.3,250.7,2.2,32.8,137.8,4.2,1.3,65.2,388.5,6,10.2,7.5,28,20.3,22.4,35.8,62.6,234.9,1.4,33.1,103.9,3.1,1,68.8,338.8,4.9,10.8,6.4,18,10,3,5.2,7.28,12.48,50.69,9.62,6.13
42,mississippi state,30.4,18.7,29.9,62.5,241.2,1.5,42.2,158,3.7,2.2,72.2,399.2,5.5,9.4,10.1,106,30.2,18.4,30.5,60.4,223,1.8,38.2,186.3,4.9,1.5,68.7,409.3,6,9.4,9.6,67,5,8,4.89,-3.05,1.84,50.13,10.23,5.58
43,cincinnati,30.3,17.3,28.1,61.6,231.2,2.3,30.9,176.1,5.7,1.5,59,407.3,6.9,9.9,8.8,74,25.6,20,29.9,66.8,220.5,1.5,41.3,178.8,4.3,1.5,71.2,399.2,5.6,9.2,11,56,7,6,3,0.66,3.65,48.61,10.04,7.24
44,missouri,30.2,17.6,27.8,63.3,188,1.2,42.9,228.3,5.3,2.4,70.8,416.3,5.9,9.6,11.5,17,18.9,16.5,29.2,56.7,173.5,1.2,32.2,103.8,3.2,0.9,61.3,277.3,4.5,7.8,5.8,32,8,5,1.62,7.33,8.96,48.49,8.37,7.08
45,north carolina state,30.2,21.5,31.8,67.8,245.7,2,32.8,145.5,4.4,2.1,64.5,391.2,6.1,11.2,7,83,27.2,22.7,36.2,62.8,273.2,1.7,32.2,138.8,4.3,1.3,68.3,411.9,6,12.2,7.1,35,8,5,6.7,1.43,8.13,50.41,9.74,6.49
46,boise state,29.9,19.6,33.7,58.1,244.9,1.6,39.6,179.1,4.5,2.1,73.4,424,5.8,10.9,9.3,61,24.1,15.5,28.5,54.4,175.6,1.2,33.8,162.1,4.8,1.8,62.3,337.6,5.4,6.9,7.5,55,9,5,2.12,1.57,3.69,44.55,8.83,5.71
47,louisville,29.9,20.6,32.2,64.1,220.6,1.4,32.4,163.9,5.1,1.9,64.5,384.5,6,9.6,8.5,38,21.2,18.6,31.5,59.2,188.8,1.2,32.8,114.3,3.5,1,64.3,303.1,4.7,8.5,6.8,28,9,4,5.38,3.86,9.23,49.04,8.74,7.02
48,air force,29.8,8.1,13.7,59.1,145.2,1.1,54.5,261.4,4.8,2.8,68.2,406.6,6,5.9,14.8,108,30.3,19.5,28,69.6,264.7,1.4,30.6,158.5,5.2,2.3,58.6,423.2,7.2,11.1,8.3,103,4,8,1.61,-7.96,-6.35,43.08,12.01,5.71
49,alabama,29.5,22.9,34.9,65.6,263.5,2.1,31.1,104.1,3.4,1.4,65.9,367.7,5.6,12.7,5.7,20,19.2,16.4,26.4,62.1,169.9,1.1,33.9,126.9,3.7,1.1,60.3,296.8,4.9,7.4,7,15,11,4,5.53,7.77,13.3,53.35,9.78,5.75
50,florida atlantic,29.5,32.1,48.5,66.2,340.2,2.3,29.7,104.5,3.5,1.1,78.2,444.7,5.7,15.1,7.3,132,36.3,19.8,30.8,64.3,235.2,1.7,42.3,201.3,4.8,2.9,73.2,436.5,6,10.3,10.7,109,4,8,1.85,-9.24,-7.39,43.07,8.08,4.82
51,western kentucky,29.5,25,38.1,65.7,272.2,1.6,31.8,134.5,4.2,1.8,69.9,406.7,5.8,12.6,7.3,49,22.8,19.8,35.8,55.2,224.2,0.9,35.8,176.5,4.9,1.1,71.7,400.8,5.6,10,7.4,89,9,4,0.36,-3.25,-2.89,40.14,8.1,5.16
52,illinois,29.4,19.3,28.6,67.5,235.8,1.8,35.2,138.1,3.9,1.6,63.8,373.8,5.9,10.4,8.5,56,23.6,21,33,63.6,218.4,1.5,32.1,126.5,3.9,1.3,65.1,344.9,5.3,11.9,7,19,9,4,5.56,6.23,11.79,50.74,10.15,5.49
53,kansas state,29.4,17,28.6,59.5,198.8,1.5,33.7,171.3,5.1,1.9,62.3,370.1,5.9,8.4,7.9,79,26.7,18.5,32.6,56.8,222.4,1.2,40.3,163.8,4.1,1.9,72.9,386.2,5.3,9.2,9.9,49,6,6,7.23,-2.17,5.06,48.34,8.9,6.72
54,iowa,29.3,13.8,22,62.9,143.2,0.9,38.8,176.9,4.6,2.2,60.8,320.1,5.3,7.1,9.2,8,16.1,16.5,28.6,57.8,172.7,0.7,31.2,107.7,3.4,0.9,59.8,280.4,4.7,7.6,6.5,14,9,4,4.06,9.8,13.86,49.35,8.36,6.01
55,houston,29.1,18.6,29,64.2,216.4,2,42.2,178.1,4.2,1.3,71.2,394.5,5.5,10,8.8,47,22.8,18.7,31,60.3,218.8,1.2,34.8,129,3.7,1.3,65.8,347.8,5.3,8.6,8.5,38,10,3,6.84,0.44,7.29,46.57,9.21,6.02
56,delaware,29,25.9,41.5,62.4,292.5,1.8,31.5,119.2,3.8,1.5,73,411.6,5.6,12.5,7.9,116,31,20.4,32.9,61.9,245.6,1.6,34.9,159.7,4.6,1.9,67.8,405.3,6,11.7,7.4,110,7,6,0.36,-8.52,-8.16,38.84,8.04,4.45
57,hawaii,29,26.9,41.5,64.8,290.6,2.3,28.7,103.2,3.6,0.6,70.2,393.8,5.6,13.4,5.4,62,24.1,18,30.3,59.4,227.2,1.2,32.2,133.8,4.2,1.5,62.5,361,5.8,9.7,7.1,73,9,4,1.43,-1.61,-0.17,41.87,8.41,4.43
58,southern mississippi,28.8,22.2,34.9,63.7,266.1,2,36.2,136,3.8,1.4,71.1,402.1,5.7,10.8,7.9,86,27.4,20.9,33,63.4,229.2,1,41.8,174.8,4.2,2.4,74.8,404.1,5.4,10.1,10.4,93,7,6,-0.31,-4.33,-4.64,38.71,8.5,4.49
59,nebraska,28.7,20,29.1,68.8,224.6,1.8,34.7,145.9,4.2,1.5,63.8,370.5,5.8,10.1,8.9,67,24.6,14.1,24.2,58.3,154.1,0.7,36.4,175.4,4.8,2.3,60.5,329.5,5.4,6.4,9.7,64,7,6,1.04,1.18,2.22,48.48,9.81,5.65
60,rutgers,28.7,19.5,31.6,61.7,266.1,1.8,38.8,141,3.6,1.6,70.4,407.1,5.8,11.8,9.8,118,31.8,17,26,65.4,222.9,1.9,30.9,209.9,6.8,2.1,56.9,432.8,7.6,9.9,9,61,5,7,5.92,-3.45,2.46,50.54,10.69,5.37
61,florida international,28.5,19.8,33,59.9,215.4,1.5,37.3,181.6,4.9,2,70.3,397,5.6,10.4,8,105,30,21.4,35.2,60.7,249.9,2,34.3,161.6,4.7,1.5,69.5,411.5,5.9,10.5,9,105,7,6,-3.32,-3.36,-6.68,37.94,7.39,5.52
62,jacksonville state,28.1,13.9,23.4,59.5,162,0.9,46.5,246.8,5.3,2.3,69.9,408.8,5.8,7.1,12.4,71,25.2,19.5,31.9,61.2,234.5,1.4,36.1,144.3,4,1.6,68,378.8,5.6,10,8.8,94,9,5,-0.82,-3.92,-4.74,37.16,7.74,5.92
63,kansas,28.1,17.6,28.8,61.2,222.3,1.9,35.8,168.3,4.7,1.4,64.6,390.5,6,10.3,9.2,80,26.8,18.9,29.6,63.9,214.1,1.6,36.5,173.1,4.7,1.6,66.1,387.2,5.9,9.4,8.9,59,5,7,4.81,-1.93,2.88,47.96,9.85,6.57
64,wake forest,28.1,17.8,31.2,57.1,237.7,1.4,34.9,156.2,4.5,1.8,66.2,393.8,6,9.2,8.5,45,22.1,20.8,35.2,59.1,206.9,0.9,35.9,121.6,3.4,1.4,71.1,328.5,4.6,8.8,7.2,47,9,4,1.41,4.64,6.04,43.76,8.98,5.86
65,georgia southern,27.9,20.9,33.2,63,247.4,2,35.6,154.2,4.3,1.4,68.8,401.5,5.8,11.3,8.5,120,32.3,20.3,31.9,63.6,240.5,1.2,38.5,218.1,5.7,2.7,70.4,458.5,6.5,11.9,11.2,99,7,6,1.44,-6.88,-5.44,39.88,8.59,5.6
66,ohio,27.8,14.8,24,61.5,184.2,1.1,42.9,227.4,5.3,2.5,66.9,411.5,6.1,9,11.1,42,21.9,17.8,27.7,64.2,208.1,1.5,33,144,4.4,1.2,60.7,352.1,5.8,8.8,8.4,83,9,4,0.19,-1.9,-1.71,40.37,8.84,6.18
67,temple,27.8,17.8,28.9,61.7,197.4,2.3,33.6,147.4,4.4,1.1,62.5,344.8,5.5,9.6,7.6,100,29.7,15.8,25.8,61.2,199.5,1.5,39.4,197.3,5,2.3,65.2,396.8,6.1,8.5,10,98,5,7,-0.8,-4.59,-5.39,42.35,8.18,5.71
68,tulane,27.7,18.7,30.4,61.6,245.1,1.3,36.8,166.3,4.5,1.9,67.1,411.4,6.1,11.8,8.4,59,23.9,23.1,34.1,67.6,261.6,1.6,34.3,122.6,3.6,1.3,68.4,384.2,5.6,11.6,8.3,43,11,3,1.49,5.23,6.72,42.86,9.65,5.76
69,michigan,27.5,15.5,26.2,59.4,186.8,0.8,38.6,210.2,5.4,2.5,64.8,396.9,6.1,8.7,10.3,29,20.4,20.8,32.8,63.6,211.4,1.3,32.8,111.9,3.4,1.1,65.6,323.3,4.9,9.8,6.8,22,9,4,4.97,6.06,11.03,50.87,9.4,7.46
70,iowa state,27.4,17.5,28.9,60.5,221.4,1.3,39.8,174.7,4.4,1.9,68.8,396.1,5.8,9.9,9.5,26,20.2,19.8,32.3,61.2,218.5,1.2,31.1,138,4.4,1.2,63.3,356.5,5.6,9.6,6.8,33,8,4,3.15,5.72,8.86,45.92,9.47,6.04
71,louisiana tech,27.3,15,24.1,62.3,163.8,0.6,41.4,195.4,4.7,2.2,65.5,359.2,5.5,6.8,10.2,35,20.8,20.5,37.2,55,240.3,1.5,32,134.5,4.2,1,69.2,374.8,5.4,10.4,7.4,90,8,5,-3,-0.11,-3.11,37.69,7.94,5.45
72,clemson,27.2,23.8,36.5,65.1,267.8,1.7,31.5,124.5,3.9,1.5,68.1,392.2,5.8,11.8,7.5,30,20.5,22.6,37.2,60.7,251.2,1.4,29.8,105.5,3.5,0.8,67,356.7,5.3,10.5,6.8,44,7,6,2.25,4.17,6.42,45.52,9.1,5.43
73,new mexico,27.1,17.5,26.9,64.9,204.8,1.3,36,152.1,4.2,1.7,62.9,356.8,5.7,8.8,8.3,46,22.3,21.7,31.7,68.4,229.2,1.5,33.4,112.8,3.4,1.1,65.1,341.9,5.3,9.9,7.8,68,9,4,0.91,-0.24,0.67,40.54,9.07,5.17
74,auburn,26.8,18.4,30.2,61,197.1,0.9,37.8,176.8,4.7,1.9,68,373.9,5.5,8.9,10.2,34,20.7,19.8,31.8,62.5,229.8,1.3,34.8,99.3,2.9,1,66.5,329.2,4.9,11.2,5.3,42,5,7,0.31,6.53,6.84,45.76,8.44,6.53
75,kennesaw state,26.7,18.6,30.2,61.5,243.1,1.9,38.8,159.4,4.1,1.4,69,402.4,5.8,9.8,9.8,73,25.5,18.4,30.1,61,220.1,1.4,39.7,184.6,4.6,1.8,69.8,404.6,5.8,9.9,9.1,82,10,4,0.18,-1.52,-1.34,39.36,9.31,5.17
76,south alabama,26.5,17.7,25.8,68.4,181.2,1.1,44.3,199.7,4.5,2.5,70.1,380.8,5.4,8,11,110,30.4,17.3,28.3,60.9,205,1.6,37,176.6,4.8,2.1,65.3,381.6,5.8,8.7,9.8,112,4,8,-0.95,-8.18,-9.12,37.42,7.97,5.63
77,san diego state,26.4,12.8,22.2,57.4,157.7,0.8,42.4,198.7,4.7,1.9,64.6,356.4,5.5,6.5,10.3,6,15.4,17.2,32.1,53.5,164.2,1.1,35.2,129.5,3.7,0.7,67.3,293.7,4.4,7.8,6.8,57,9,4,-2.79,6.26,3.48,40.31,8.83,5.7
78,uab,26.4,23.9,36.4,65.7,265.6,1.7,33,138.7,4.2,1.7,69.4,404.3,5.8,12.5,7.8,135,38.3,15.8,23.8,66.1,232.3,2.3,41.3,191.1,4.6,2.6,65.1,423.3,6.5,9.4,10.1,119,4,8,-0.66,-10.96,-11.62,38.83,8.57,5.32
79,oklahoma,26.2,20.4,33.2,61.5,235.8,1.3,33.5,118.5,3.5,1.4,66.6,354.3,5.3,10.7,6.5,7,15.5,18.5,31.3,59,195.2,0.8,32.3,77.3,2.4,0.5,63.6,272.5,4.3,8.4,4.3,16,10,3,1.65,11.53,13.18,46.62,9.32,5.46
80,louisiana,26,14.4,26.4,54.5,161.9,0.9,39.6,183.2,4.6,2,66,345.2,5.2,7.2,8.6,96,29.2,19.4,29.2,66.5,224.1,1.4,39.7,186.7,4.7,1.9,68.8,410.8,6,9.3,11,106,6,7,-1.14,-5.8,-6.94,36.73,7.05,5.77
81,arizona state,25.8,19.3,33.1,58.4,223.7,1.5,38.3,193.6,5.1,1.4,71.4,417.3,5.8,9.5,9.4,65,24.5,21.3,35.3,60.3,233.5,1.5,34.4,124,3.6,1.5,69.7,357.5,5.1,10,7.4,37,8,5,3.19,4.51,7.69,43.3,8.52,6.69
82,fresno state,25.8,18.4,28.7,64.1,183.4,1.1,37.5,170.5,4.5,1.7,66.2,353.8,5.3,8.9,8.3,16,18.8,15.2,28.3,53.8,153.8,1.4,32.5,131.9,4.1,0.7,60.8,285.7,4.7,7.2,7.2,75,9,4,-3.64,2.82,-0.82,38.68,7.82,5.45
83,liberty,25.6,14.5,26.3,55.1,195.5,0.9,42.3,194,4.6,2.1,68.7,389.5,5.7,8.8,10.2,76,26.5,16.9,29.2,58,196.8,1.4,37.9,179.1,4.7,1.9,67.1,375.8,5.6,8.9,9.7,108,4,8,-2.06,-5.27,-7.33,36.87,8.57,5.58
84,missouri state,25.6,21.3,33.5,63.7,279.7,2.3,32.1,112.5,3.5,0.9,65.5,392.2,6,11.4,6.6,91,28.8,20.4,31.8,64.2,229.5,1.5,33,153.3,4.6,2,64.8,382.8,5.9,10.5,7.7,97,7,6,-2.22,-3.12,-5.34,37.04,9.4,4.39
85,boston college,25.4,23.9,37.8,63.2,280.2,1.7,31.4,103.9,3.3,1.3,69.3,384.1,5.5,12.4,6.8,123,32.8,20,31.2,64.2,255.7,1.9,35.3,177.6,5,2.1,66.4,433.3,6.5,10.9,8,101,2,10,-1.65,-4,-5.64,43.21,9.34,4.86
86,california,25.3,24.8,38.9,63.8,275.9,1.5,29.6,81.7,2.8,1.6,68.5,357.6,5.2,13,4.8,82,27.2,19.9,32.3,61.7,205.2,1.1,33.2,156.6,4.7,1.8,65.5,361.8,5.5,9,8.7,76,7,6,1.29,-2.19,-0.9,42.22,8.71,4.28
87,arkansas state,25.2,25.8,39.2,65.8,259.5,1.5,34.5,123.2,3.6,1.1,73.6,382.7,5.2,12.2,7.2,85,27.4,20.6,30.2,68.4,244.9,1.6,38.1,168.4,4.4,1.8,68.2,413.3,6.1,10.8,8.8,95,7,6,-2.22,-2.76,-4.98,35.35,7.5,4.38
88,western michigan,24.9,13.2,21.8,60.7,138.5,0.7,44.5,204.2,4.6,2.2,66.3,342.7,5.2,6.3,11.2,9,17.4,15.4,27.9,55.4,179.9,1,33.5,125.6,3.7,1.1,61.4,305.5,5,8.1,6.8,69,10,4,-4.5,4.96,0.46,37.24,7.64,5.55
89,michigan state,24.6,20,31.5,63.5,222.7,1.7,32.5,122.8,3.8,1.3,64,345.5,5.4,9.6,7.1,104,29.9,20.2,30.6,65.9,231.3,1.9,32.8,147.3,4.5,1.8,63.4,378.7,6,9.8,8.3,78,4,8,3.65,-4.6,-0.95,45.81,9.35,5.33
90,ucf,24.3,20.8,33.6,62,220.8,1,32.3,158,4.9,1.6,65.9,378.8,5.7,8.8,8,57,23.6,17.7,27.9,63.3,185.1,1.1,38.3,150.7,3.9,1.5,66.3,335.8,5.1,7.8,9.8,72,5,7,-3.6,3.48,-0.12,41.42,8.19,6.69
91,appalachian state,24.2,23,39.1,58.9,256.6,1.8,31.8,127.6,4,0.9,70.8,384.2,5.4,12.4,6.8,101,29.8,22.8,36.1,63.1,267.9,1.7,36.1,148.7,4.1,1.8,72.2,416.6,5.8,12.9,7.5,113,5,8,-3.41,-5.79,-9.21,34.48,7.57,4.96
92,eastern michigan,24.1,20.6,33.7,61.1,234.8,1.5,32.5,142.5,4.4,1.3,66.2,377.3,5.7,10.1,8.2,103,29.8,14.8,24.6,60.3,184.2,1.3,42.1,232.1,5.5,2.4,66.7,416.3,6.2,8.2,11,126,4,8,-2.86,-10.23,-13.08,36.53,8.08,5.47
93,buffalo,24,19.6,34.3,57,229,1.6,34.4,132.3,3.8,1.3,68.8,361.3,5.3,10,8.3,54,23.5,15.9,28.8,55.4,186.4,1.4,41.6,157.2,3.8,1.3,70.3,343.6,4.9,8.2,8.8,116,5,7,-5.39,-4.69,-10.08,33.92,7.51,4.6
94,army,23.8,5.2,9.8,53.5,80.8,0.5,57.5,254.9,4.4,2.4,67.3,335.8,5,3.2,14.3,39,21.6,17.5,27.6,63.5,190.4,1.2,34.1,153.2,4.5,1.4,61.7,343.5,5.6,9.5,8.5,74,7,6,-3.12,2.76,-0.36,35.95,9.27,5.5
95,maryland,23.5,23.7,40.9,57.8,255.7,1.5,25.4,104.3,4.1,0.8,66.3,360,5.4,11.6,5.4,77,26.5,20.2,31.9,63.2,226.5,2.1,39.9,175.6,4.4,1.1,71.8,402.1,5.6,10.5,9.8,77,4,8,-0.68,-0.23,-0.91,42.27,8.28,5.47
96,miami (oh),23.5,13.1,26.5,49.3,187.3,1.2,35.4,150.3,4.2,1.2,61.9,337.6,5.5,8.1,8,41,21.7,17.6,31.2,56.5,200.4,1.6,35.9,134.3,3.7,0.9,67.1,334.6,5,9.6,7.4,96,7,7,-3.65,-1.4,-5.05,37.52,8.36,5.11
97,troy,23.5,17.9,31,57.8,209.2,1.4,35.1,98,2.8,1.2,66.1,307.2,4.6,9.9,6.1,58,23.9,16.8,27.9,60.3,196.2,1.1,38.9,176.8,4.5,1.6,66.8,373,5.6,8.7,8.6,91,8,6,-3.7,-0.32,-4.02,35.42,7.83,4.05
98,northwestern,23.4,17.2,29.1,59.3,185.9,1.3,34.8,160.2,4.6,1.2,63.8,346.1,5.4,8.6,8.8,24,19.8,17.2,26.7,64.3,193.5,1,31.7,136.2,4.3,1.4,58.4,329.8,5.6,9.2,7,48,7,6,0.2,4.93,5.13,42.56,8.42,6.12
99,utep,23.3,18.7,34.3,54.5,216.3,1.8,31.3,115.6,3.7,1.2,65.5,331.8,5.1,8.2,6.3,111,30.4,19.6,31.7,61.8,221.8,1.6,41.3,169.5,4.1,1.4,73,391.3,5.4,10.5,8.2,131,2,10,-5.17,-9.46,-14.63,33.44,7.28,4.46
100,tulsa,23.2,20.1,34.1,58.9,222.4,1.3,40.8,175.5,4.3,1.5,74.8,397.9,5.3,9.8,10,94,28.9,18.3,28.9,63.4,214.3,1.8,42.5,182.4,4.3,1.8,71.4,396.7,5.6,9.3,10.3,114,4,8,-3.45,-5.77,-9.22,36.16,7.44,5.59
101,kentucky,23,19.1,30.7,62.2,201.9,1.3,36,139.2,3.9,1.6,66.7,341.1,5.1,9.8,8.2,75,26.4,18.4,29.8,61.7,239.9,1.3,36.7,134.3,3.7,1.7,66.5,374.2,5.6,10.3,8.4,66,5,7,-0.65,2.71,2.06,43.39,8.52,5.83
102,minnesota,23,19.3,30.7,62.9,189.9,1.5,28.9,103.2,3.6,1.2,59.6,293.2,4.9,8.7,6.2,50,22.9,19.1,28.5,67,210.5,1.2,32.5,121.1,3.7,1.2,61,331.6,5.4,9.2,7.6,60,8,5,-1.9,4.76,2.86,43.39,8.22,5.03
103,lsu,22.8,22.4,34.1,65.7,229.5,1.5,29.1,104,3.6,0.8,63.2,333.5,5.3,10.9,5.5,23,19.8,19,31.8,59.7,204.6,1.1,33.3,124.1,3.7,1.2,65.2,328.7,5,9.2,7.2,39,7,6,-0.44,7.45,7,43.32,8.7,5.27
104,south carolina,22.7,17.4,28.5,61.1,225.3,1.1,34.3,111.1,3.2,1.2,62.8,336.3,5.4,8.3,7.6,44,22.1,18.8,31.1,60.3,216.3,1.1,36.1,136.7,3.8,1.1,67.2,353,5.3,10.3,7.6,52,4,8,-0.62,4.54,3.92,43.64,10.12,5.21
105,central michigan,22.5,13.5,19.6,69,167.1,1.2,41.9,163.5,3.9,1.3,61.5,330.5,5.4,6.3,9.2,55,23.5,18.3,31.5,58,209.4,1.4,34.2,145.7,4.3,1.4,65.8,355.1,5.4,9.3,8.1,102,7,6,-5.87,0.03,-5.84,34.83,9.74,5.13
106,washington state,22.5,20.2,31.5,64.1,210.5,1.5,33.8,128.2,3.8,1.2,65.3,338.7,5.2,10,7.5,27,20.2,17.2,27.1,63.6,174.4,1.2,33,125.2,3.8,1.2,60.1,299.5,5,7.5,7.7,51,7,6,-1.74,6.51,4.78,39.01,8.53,5.13
107,middle tennessee state,22.4,24.8,41.7,59.6,266.1,1.9,26.3,105.5,4,0.9,68,371.6,5.5,12,5.7,115,30.9,20.1,31.2,64.4,256.2,2.6,36.7,143.1,3.9,1.4,67.8,399.3,5.9,11.3,8.1,133,3,9,-5.62,-10.66,-16.28,32.42,7.11,4.78
108,akron,22.3,17.4,33.7,51.7,219,1.7,36.2,134.5,3.7,0.8,69.8,353.5,5.1,10.6,7.5,84,27.4,17.8,29.6,60.3,229.2,1.7,36.3,155.3,4.3,1.5,65.8,384.4,5.8,9.5,8.5,124,5,7,-8.31,-4.36,-12.67,33.17,7.6,4.75
109,coastal carolina,22.2,16.8,30.7,54.6,169.5,1.2,36.4,155.8,4.3,1.2,67.1,325.4,4.9,7.5,8.2,125,33.1,19.8,31.8,62.3,235.8,1.9,40.8,208,5.1,1.8,72.6,443.8,6.1,9.8,10.5,107,6,7,-3.96,-3.06,-7.02,35.41,6.7,5.62
110,west virginia,21.8,16,27.3,58.7,188.9,0.8,43.6,160.6,3.7,1.8,70.8,349.5,4.9,7.2,9.6,114,30.8,21.1,32.5,64.9,265.4,2.3,39.9,143.8,3.6,1.3,72.4,409.2,5.7,11,8.2,81,4,8,-1.99,0.69,-1.29,41.5,8.89,5.53
111,florida,21.6,19.5,31.2,62.6,204.6,1.5,32,136.8,4.3,0.8,63.2,341.3,5.4,9.2,8,60,24,17.8,27.9,63.9,222.9,1.1,38.6,153.9,4,1.8,66.5,376.8,5.7,10.5,8,53,4,8,-1.7,5.49,3.79,43.45,8.84,6.33
112,new mexico state,21.6,23,39.3,58.5,250.7,1.4,29.8,77.3,2.6,0.8,69.1,327.9,4.7,11.8,5.5,88,27.6,21.7,34,63.7,236.8,2.1,37.6,165,4.4,1.2,71.6,401.8,5.6,11.5,8.3,121,4,8,-8.02,-4.39,-12.4,31.27,7.31,3.32
113,san jose state,21.4,22.8,40.8,55.7,282.6,1.4,26.4,119.7,4.5,1.2,67.3,402.3,6,11.8,6.5,121,32.5,18.8,28.8,65.5,245.3,1.5,39.1,157.9,4,2.1,67.8,403.2,5.9,10.3,8.8,125,3,9,-3.53,-9.5,-13.03,36.8,8.55,5.81
114,virginia tech,21.4,15,26.7,56.3,166.3,1.4,37.2,182.4,4.9,1.1,63.8,348.8,5.5,7.1,10.1,107,30.2,19.5,29,67.2,224.8,1.5,35.6,153.3,4.3,2.1,64.6,378.1,5.9,10.6,8.3,87,3,9,-0.42,-2.36,-2.78,42.18,8.38,6.77
115,kent state,21.3,13.6,24.4,55.6,197.1,1.7,33.3,97.3,2.9,0.8,57.7,294.3,5.1,7.3,5.6,128,33.6,19.3,32.4,59.6,236,2.1,41.2,191.4,4.6,1.8,73.6,427.4,5.8,10.8,10.8,120,5,7,-4.08,-7.83,-11.91,35.77,9.49,4.39
116,colorado,20.9,17.5,29.8,58.7,202.8,1.4,35.8,125.6,3.5,1.3,65.7,328.4,5,8.1,7.3,112,30.5,14.9,26.9,55.4,203.2,1.5,42.4,222.5,5.2,2.1,69.3,425.7,6.1,9.1,10.6,80,3,9,-1.67,0.52,-1.15,41.07,8.86,5.2
117,bowling green,20.5,13.8,23.8,58,151.3,1.1,39.3,155.5,4,1.1,63.2,306.8,4.9,6.8,8.5,63,24.3,15.8,26.8,58.9,201.7,1.3,34.3,141.4,4.1,1.4,61,343.1,5.6,7.8,7.6,122,4,8,-8.22,-4.28,-12.5,31.4,7.46,4.86
118,syracuse,20.2,19.3,34.1,56.5,217.3,1.4,36.3,123.2,3.4,1,70.3,340.4,4.8,9.6,8.1,130,34.9,21.6,32.6,66.2,252.8,1.9,33.2,174.9,5.3,2,65.8,427.7,6.5,10.8,9.1,104,3,9,-5.1,-1.46,-6.56,38.84,8.23,5.13
119,georgia state,19.8,24,39.6,60.6,254.1,1.8,30.5,124.1,4.1,0.8,70.1,378.2,5.4,11.5,6.4,133,37.8,18.3,28.3,64.4,240.8,2.1,41.5,208.1,5,2.6,69.8,448.8,6.4,10.2,11,128,1,11,-6.53,-7.24,-13.77,33.06,7.64,5.38
120,north carolina,19.3,18.9,29.6,63.9,183.5,1.1,28.8,105.3,3.7,0.9,58.4,288.8,4.9,8.7,6,66,24.5,20.4,32.1,63.6,211.3,1.3,36.1,125.7,3.5,1.6,68.2,336.9,4.9,10.1,8.3,100,4,8,-6.28,0.7,-5.59,35.57,7.91,5.19
121,rice,19.1,11.4,17.2,66.1,97.6,0.8,49.8,204.8,4.1,1.5,67,302.4,4.5,4.8,11,124,32.9,17.8,28.8,61.6,240.2,1.9,35.2,163.7,4.6,2,64.1,403.8,6.3,9.4,8.7,115,5,8,-9.17,-0.82,-9.99,30.15,6.67,5.24
122,purdue,18.8,19.8,33.8,58.8,217.2,1.3,31.3,126.4,4,0.9,65.1,343.6,5.3,10.7,6.9,117,31.8,16.8,26,64.7,241.7,1.3,38.4,181.8,4.7,2.4,64.4,423.5,6.6,10.1,9.8,85,2,10,-1.61,-0.96,-2.58,41.36,8.74,5.74
123,stanford,18.8,18.7,32.6,57.3,222,1.2,32.7,84.5,2.6,0.7,65.3,306.5,4.7,9.6,6,97,29.2,24.5,37.1,66.1,288.9,1.8,31.8,119.3,3.8,1.4,68.8,408.2,5.9,12.9,6.3,88,4,8,-3,0.16,-2.84,39.58,8.93,4.58
124,colorado state,18.5,20.3,32.8,61.7,215.9,1.3,30.3,108.3,3.6,1.1,63.1,324.2,5.1,9.5,6.7,113,30.8,17.1,27.1,63.1,221.1,1.5,40.9,204.9,5,2.5,68,426,6.3,9.8,9.6,123,2,10,-6.47,-6.15,-12.63,34.52,8.4,4.75
125,oregon state,18.2,21.7,35.9,60.3,225.8,1.2,34,123.9,3.6,1.3,69.9,349.8,5,10.3,7.9,99,29.4,16.5,29,56.9,222.4,1.8,34.2,157.4,4.6,1.4,63.2,379.8,6,9.3,7.9,118,2,10,-5.68,-4.83,-10.51,35.12,8.26,5.2
126,ucla,18.2,19.1,30.2,63.3,180.3,1.3,31.3,139.7,4.5,0.7,61.4,319.9,5.2,8.7,7.2,127,33.4,17.9,27.2,66,196.6,1.9,36.7,190.4,5.2,2.2,63.8,387,6.1,8.8,11.2,79,3,9,-2.26,1.25,-1.01,41.73,8.42,6.21
127,sam houston,17.8,17.8,32.4,54.8,184.1,1,30.9,131.9,4.3,0.8,63.3,316,5,8.8,5.9,134,37.8,21.8,30.9,70.4,275.9,1.7,38.5,207.7,5.4,2.8,69.4,483.6,7,12.3,10,135,2,10,-10.62,-9.31,-19.94,29.2,6.79,5.18
128,nevada,17.6,15.1,25.5,59.2,148.7,0.8,34.9,153.5,4.4,0.8,60.4,302.2,5,7.3,8,87,27.5,19.3,29.7,64.9,220.3,1,35.8,149.6,4.2,2,65.4,369.8,5.7,9.8,8.4,127,3,9,-10.66,-2.88,-13.55,31.66,7.54,5.37
129,northern illinois,17.1,10.8,20.3,52.9,98.8,0.7,41.8,187.1,4.5,1.3,62.1,285.9,4.6,4.6,9.5,64,24.3,15.7,26.4,59.3,173.9,0.9,39.9,183.3,4.6,1.8,66.3,357.3,5.4,8.6,9.8,129,3,9,-11.39,-2.86,-14.25,29.36,6.11,5.48
130,louisiana-monroe,16.6,14.3,25.3,56.8,160.4,1.3,35.8,163.1,4.6,1,61.1,323.5,5.3,8,7.9,119,31.9,18.7,29.5,63.3,222.3,1.8,37.9,162.6,4.3,1.9,67.4,384.8,5.7,10.3,7.8,130,3,9,-10.92,-3.45,-14.36,28.97,7.57,5.64
131,wyoming,16,17.9,32.1,55.8,183,1.1,32.5,131.7,4.1,0.8,64.6,314.7,4.9,8.3,7.4,33,20.5,16,28.8,55.5,175.5,1.3,36.9,168.8,4.6,1.1,65.8,344.3,5.2,7.8,8.9,117,4,8,-11.59,1.5,-10.09,28.59,6.89,4.87
132,ball state,15.8,13.1,23.2,56.5,139.9,1,37.7,131.8,3.5,0.8,60.8,271.7,4.5,6.3,6.4,102,29.8,18.3,29.5,61.9,226.8,1.9,37.8,178.8,4.7,1.8,67.3,405.7,6,10.7,9,132,4,8,-10.5,-5.31,-15.8,28.91,7.18,4.57
133,charlotte,14.3,18.8,31.7,59.2,204,1.2,30.3,81.8,2.7,0.4,62,285.8,4.6,8.9,5.3,131,36.3,22.8,33.5,68.2,271.7,2,40.3,200.3,5,2.5,73.8,471.9,6.4,13.1,11.3,134,1,11,-10.28,-8.16,-18.45,29.92,8.04,4.14
134,oklahoma state,14.2,17.5,30.5,57.4,174.1,0.6,33.7,118.3,3.5,0.8,64.2,292.4,4.6,7.9,6.3,126,33.3,18.6,28.3,65.6,252.4,2.3,38.2,165.9,4.3,1.5,66.5,418.3,6.3,10.7,8.6,111,1,11,-9.03,0.03,-9,33.18,7.82,5.28
135,wisconsin,12.8,13.1,22.7,57.7,136.4,0.8,35.3,116.7,3.3,0.8,57.9,253.1,4.4,6.5,6.9,40,21.6,20,28.7,69.8,218.3,1.6,31,105.3,3.4,1,59.7,323.5,5.4,9.6,6.8,63,4,8,-6.46,8.69,2.23,37.67,8.71,5.46
136,massachusetts,11.1,18.6,34.6,53.7,165.1,0.7,29.3,82.4,2.8,0.5,63.9,247.5,3.9,7.8,5.7,136,38.6,16.7,24.8,67.3,212.5,2.4,43.9,221.3,5,2.5,68.7,433.8,6.3,10.3,11.3,136,0,12,-14.94,-11.61,-26.55,25.03,6.25,3.91
