Rk,School,G,Pts,Cmp,PAtt,Pct,PYds,PTD,RAtt,RYds,Avg,RTD,Plays,Yds,PFD,RFD,,,,,,,,
1,Penn State,2,4.5,16,25,64,105,0,29.5,110,3.7,0.5,54.5,215,5.5,1.5,,,12.5,4.5,52.5,0.5,1,1.5
2,South Carolina,2,4.5,16,28.5,56.1,130.5,0.5,27,60.5,2.2,0,55.5,191,3,1,,,11,7.5,59,0,0.5,0.5
3,Kansas State,2,5,8,19.5,41,47.5,0,34.5,96.5,2.8,0,54,144,6,0.5,,,9.5,2.5,25.5,1,0,1
4,Virginia,2,5.5,16.5,30.5,54.1,130,0,27.5,65.5,2.4,0.5,58,195.5,3,1.5,,,10.5,2.5,25,0.5,2,2.5
5,Iowa,2,6.5,11.5,21.5,53.5,115,0.5,32.5,72.5,2.2,0,54,187.5,2.5,0.5,,,8,6.5,53,0.5,0.5,1
6,Miami (FL),2,6.5,16.5,34,48.5,145.5,0,22,57.5,2.6,0,56,203,1.5,1,,,10.5,7.5,62,0,0,0
7,North Carolina,2,6.5,21.5,32,67.2,176.5,0,37,91.5,2.5,0.5,69,268,8,1,,,17,9,78.5,1,0.5,1.5
8,Notre Dame,2,6.5,13.5,21,64.3,140.5,0.5,32.5,65.5,2,0,53.5,206,4.5,0.5,,,11.5,5,40,2.5,0.5,3
9,Maryland,2,7,10,20,50,115.5,1,31,38.5,1.2,0,51,154,4,0.5,,,9,8.5,66,0.5,1.5,2
10,New Mexico,2,7,10,21.5,46.5,83.5,0.5,30,68.5,2.3,0.5,51.5,152,5.5,0.5,,,9.5,10,91,1.5,2.5,4
11,Indiana,2,8,16.5,24.5,67.3,129.5,0,32.5,82.5,2.5,0.5,57,212,3.5,1,,,11.5,8,65,0,1,1
12,James Madison,2,8,15.5,27,57.4,174,0.5,39,88.5,2.3,0,66,262.5,5,2.5,,,14.5,12,73.5,1,0,1
13,Oklahoma,2,8.5,9.5,17.5,54.3,98.5,0,39.5,132,3.3,1,57,230.5,5,2,,,12,7.5,62.5,1,0,1
14,UCF,2,9,14,24.5,57.1,143,0.5,41.5,105,2.5,0.5,66,248,5.5,0.5,,,12,9.5,61,0.5,0.5,1
15,Baylor,2,10,20,31,64.5,166.5,0,33,83,2.5,1,64,249.5,5.5,1.5,,,15.5,8,67,0.5,1.5,2
16,Texas A&M,2,10,14.5,25.5,56.9,142,1,26,76,2.9,0,51.5,218,4.5,0.5,,,10,8.5,51.5,2,1,3
17,Pitt,2,10.5,19.5,34,57.4,224,1,21.5,23.5,1.1,0.5,55.5,247.5,3.5,1,,,11.5,9,64,0,0.5,0.5
18,Georgia Southern,2,11,14.5,32,45.3,153,0.5,35,79,2.3,0,67,232,5,3.5,,,16,7,67.5,1,1,2
19,Michigan,2,11,16,27,59.3,139,0.5,37.5,116,3.1,0,64.5,255,8,3,,,17,7,58,0.5,0.5,1
20,TCU,2,11,15,26.5,56.6,211,0.5,28.5,55,1.9,0.5,55,266,2.5,2,,,13.5,5,37,1,1,2
21,Georgia,2,11.5,16.5,31.5,52.4,107,0.5,34.5,60,1.7,1,66,167,4.5,2,,,13.5,3.5,25,1,1,2
22,Auburn,2,12,24.5,43.5,56.3,252,1.5,35,76.5,2.2,0,78.5,328.5,4.5,2,,,19.5,8,62.5,0.5,1.5,2
23,Brigham Young,2,12,19,31,61.3,182.5,0.5,28,73,2.6,1,59,255.5,6,1.5,,,15,4.5,35,0.5,2,2.5
24,Florida,2,12,27.5,45.5,60.4,212,0.5,31,91,2.9,1,76.5,303,5,1.5,,,18,8,71.5,1.5,1,2.5
25,LSU,2,12,14,23,60.9,124,0.5,28.5,18,0.6,0.5,51.5,142,3,2,,,8,5,45.5,1,1,2
26,Syracuse,2,12,18,30,60,140.5,1,30,63.5,2.1,0,60,204,5,3,,,14,9,77,1,0.5,1.5
27,Utah,2,12,16.5,39,42.3,181.5,0.5,29.5,83.5,2.8,1,68.5,265,6,1,,,17,6,45.5,0.5,1,1.5
28,Virginia Tech,2,12,9,17,52.9,137,0.5,37,59.5,1.6,0.5,54,196.5,3.5,1,,,8.5,6.5,45,1.5,0.5,2
29,Washington,2,12,16.5,27,61.1,169,1,30,87.5,2.9,0.5,57,256.5,5,3,,,16,5.5,42.5,0.5,2.5,3
30,Cincinnati,2,12.5,21,36,58.3,195,0.5,29,119.5,4.1,1,65,314.5,7.5,2,,,18.5,6,41,0.5,1,1.5
31,Houston,2,13,19.5,34,57.4,251.5,1,23.5,10,0.4,1,57.5,261.5,1,1.5,,,12,5.5,43,1,0.5,1.5
32,Iowa State,2,13,19,26,73.1,166.5,0,37,80,2.2,1,63,246.5,5.5,0.5,,,13.5,5.5,41,1,0.5,1.5
33,Mississippi State,2,13,23.5,38,61.8,209.5,0.5,27.5,75.5,2.7,0,65.5,285,4,2.5,,,16,8.5,85,0,0,0
34,North Dakota State,3,13,11,20,55,126.7,0.7,36,103.7,2.9,1,56,230.3,7,2,,,14.7,7,57.7,0.7,1.7,2.3
35,Alabama,2,13.5,14.5,25.5,56.9,153,1,27,32.5,1.2,0,52.5,185.5,2,1.5,,,9.5,7.5,65.5,1,1,2
36,Appalachian State,2,13.5,19.5,34.5,56.5,214,1,31.5,119.5,3.8,0.5,66,333.5,7,0.5,,,17,6,51,0.5,1.5,2
37,Georgia State,2,13.5,16.5,29,56.9,192.5,1,25.5,78,3.1,0.5,54.5,270.5,5.5,0,,,13.5,5.5,52.5,0,0.5,0.5
38,Michigan State,2,13.5,14,23.5,59.6,157,1,23,89,3.9,1,46.5,246,6,1.5,,,11.5,5,25.5,0.5,0.5,1
39,Ohio State,2,13.5,21.5,37,58.1,157.5,0.5,32,93,2.9,1,69,250.5,7,1.5,,,19,2.5,13.5,0.5,1,1.5
40,Tulsa,2,13.5,26.5,42,63.1,278.5,1.5,34,91,2.7,0,76,369.5,8,3.5,,,23,7,67.5,1.5,1,2.5
41,Western Michigan,2,13.5,20,34.5,58,221.5,1,34.5,132,3.8,1,69,353.5,6.5,2.5,,,19.5,6.5,57,2,0.5,2.5
42,Nebraska,2,14,12,24,50,124,1,32.5,112,3.4,0.5,56.5,236,7,0.5,,,13,5,39.5,0.5,1,1.5
43,Duke,2,15,20.5,33,62.1,237.5,1.5,29,82.5,2.8,0,62,320,4.5,3,,,16.5,11,90,0.5,0.5,1
44,Texas,2,15,18.5,30.5,60.7,233,0.5,36,127.5,3.5,1,66.5,360.5,7,1,,,18.5,3.5,32.5,1,1,2
45,Army,2,15.5,15,26.5,56.6,168.5,1,27.5,98.5,3.6,1,54,267,6,1.5,,,15,4,25.5,0,0,0
46,Kennesaw State,2,15.5,15.5,24.5,63.3,182,0,36,139.5,3.9,1.5,60.5,321.5,6.5,0.5,,,15,8,59,1.5,0.5,2
47,Massachusetts,2,15.5,19.5,31.5,61.9,239.5,1.5,33.5,85,2.5,0.5,65,324.5,5,1.5,,,17,7.5,44.5,0.5,2,2.5
48,West Virginia,2,15.5,21.5,35,61.4,271.5,1.5,32,100,3.1,0,67,371.5,5,2,,,20,8,59.5,1.5,0.5,2
49,South Florida,2,16.5,20.5,30.5,67.2,214.5,1.5,38,149.5,3.9,0.5,68.5,364,10.5,0.5,,,20,6,47.5,1,1,2
50,Tennessee,2,16.5,18.5,31,59.7,132,0.5,33.5,156,4.7,1,64.5,288,8.5,3,,,17.5,5,45.5,0,1,1
51,Colorado,2,17,19.5,38,51.3,243.5,1.5,29.5,86.5,2.9,0,67.5,330,6,2.5,,,20,7.5,52,1,0.5,1.5
52,Nevada,2,17,20,32,62.5,194,0.5,40.5,154.5,3.8,1.5,72.5,348.5,9.5,3,,,22,9.5,92,1,0,1
53,North Carolina State,2,17,8.5,19,44.7,115.5,1,39.5,146,3.7,1,58.5,261.5,8.5,0,,,12.5,6,42.5,0.5,0.5,1
54,SMU,2,17,15.5,29.5,52.5,148,1,34.5,130.5,3.8,1,64,278.5,5,2,,,14,4.5,36,1,0.5,1.5
55,Texas Tech,2,17,25,42,59.5,268,1.5,24,65,2.7,0,66,333,4,2.5,,,17.5,5.5,38.5,0,1,1
56,UCLA,2,17,16,32.5,49.2,168,1.5,39,131.5,3.4,0.5,71.5,299.5,7.5,4,,,18.5,5,48,0.5,1.5,2
57,Arizona,2,17.5,17.5,28.5,61.4,208.5,1.5,25.5,70.5,2.8,0.5,54,279,5,0,,,12.5,6,45.5,0,0.5,0.5
58,Missouri,2,17.5,12.5,27.5,45.5,141.5,1.5,32.5,84.5,2.6,0.5,60,226,5.5,2,,,15.5,9.5,80,0.5,1,1.5
59,Vanderbilt,2,17.5,13.5,26.5,50.9,178,1,30.5,80,2.6,0.5,57,258,6,2.5,,,14.5,3,21.5,0,1,1
60,Northwestern,1,18,23,48,47.9,285,0,40,147,3.7,1,88,432,11,2,,,27,6,45,0,1,1
61,Colorado State,2,18.5,12.5,22,56.8,183,0.5,36.5,174.5,4.8,1.5,58.5,357.5,9.5,0.5,,,17.5,6,44.5,1.5,2.5,4
62,USC,3,18.7,14.7,23,63.8,174.3,1,27.7,95.7,3.5,1.3,50.7,270,4.7,2.3,,,15,3.3,28.3,0.3,0.3,0.7
63,Air Force,2,19,12,22.5,53.3,140.5,1,29,100,3.4,1.5,51.5,240.5,5.5,1.5,,,13,4.5,32.5,0,1.5,1.5
64,Coastal Carolina,2,19,10,17.5,57.1,116.5,1,47,197.5,4.2,1.5,64.5,314,9,0.5,,,14.5,7,65,1,1.5,2.5
65,Troy,2,19,21.5,35,61.4,220,2,29,77,2.7,0.5,64,297,5.5,3,,,18.5,5,32.5,0.5,0.5,1
66,Florida International,2,19.5,16.5,29.5,55.9,173,1,31.5,82,2.6,0.5,61,255,4,0.5,,,13.5,4.5,29.5,1,0.5,1.5
67,Toledo,2,20,19.5,33.5,58.2,156.5,0.5,37,111.5,3,0.5,70.5,268,6,1.5,,,16.5,4.5,33,0,0.5,0.5
68,Temple,2,20.5,19.5,29,67.2,231.5,2,32,122.5,3.8,0.5,61,354,7.5,1.5,,,19,4,18.5,0.5,1,1.5
69,Tulane,2,20.5,17.5,30,58.3,213.5,1,44.5,216,4.9,1.5,74.5,429.5,11,1.5,,,22.5,7,49.5,0.5,0,0.5
70,Delaware,2,21,19,38,50,210,0.5,31.5,74,2.3,2,69.5,284,3.5,1,,,15,6.5,45.5,1,0.5,1.5
71,Fresno State,2,21,22,31,71,281,1.5,35.5,126,3.5,1,66.5,407,9,0.5,,,21.5,6,52,1,0.5,1.5
72,Middle Tennessee State,2,21,14,22.5,62.2,163,0.5,32.5,137,4.2,2.5,55,300,8.5,3.5,,,17.5,7,62.5,1,0,1
73,South Alabama,2,21,13,21,61.9,199,1.5,23,128.5,5.6,1.5,44,327.5,3.5,0.5,,,12,6,51,0,1,1
74,UTSA,2,21,21.5,38.5,55.8,218.5,0.5,42,233,5.5,1.5,80.5,451.5,11,3.5,,,24.5,11,97.5,0.5,2,2.5
75,Liberty,2,21.5,14,28,50,152,0.5,32,145.5,4.5,1,60,297.5,6.5,4.5,,,19,6.5,59.5,0.5,1,1.5
76,Florida State,2,22,26,39.5,65.8,351,2.5,27,101,3.7,0,66.5,452,5.5,1,,,20.5,7,57.5,1,1.5,2.5
77,Kansas,2,22,14.5,25,58,201.5,1.5,37,106,2.9,1,62,307.5,4,1.5,,,16,6.5,58,1,0,1
78,Connecticut,2,22.5,28,42,66.7,247.5,1,33,94.5,2.9,2,75,342,5.5,5,,,23,4.5,33.5,0,0,0
79,Minnesota,2,22.5,12.5,18.5,67.6,143,2,37,151.5,4.1,1,55.5,294.5,8,2.5,,,16,6,47.5,0.5,0,0.5
80,Utah State,2,22.5,22,37,59.5,200.5,0.5,31.5,98,3.1,1,68.5,298.5,5,2,,,16.5,7,57.5,0,0,0
81,Jacksonville State,3,23,13.3,20.7,64.5,117,1,42.7,189.7,4.4,0.7,63.3,306.7,9.3,2,,,17.7,9,71.3,0,1,1
82,Southern Mississippi,2,23,18,28.5,63.2,194.5,1.5,43,223.5,5.2,0.5,71.5,418,11,1.5,,,21,8.5,71,1,2,3
83,Ole Miss,2,23.5,19,28.5,66.7,243,1,36,152.5,4.2,1,64.5,395.5,8,2,,,18.5,8,60.5,0,0.5,0.5
84,Sam Houston,2,23.5,14,28.5,49.1,145.5,1.5,41,209,5.1,1.5,69.5,354.5,8,2.5,,,18,5,40,0,0,0
85,Akron,2,24,21,32.5,64.6,268,2,26,108.5,4.2,0.5,58.5,376.5,4.5,2,,,16,6,62.5,1,0,1
86,Central Michigan,2,24,16.5,28,58.9,141.5,0.5,37.5,150,4,2,65.5,291.5,8.5,4,,,21.5,5,45,1,1,2
87,San Diego State,2,24,22.5,37.5,60,215.5,0.5,36.5,154.5,4.2,2.5,74,370,9,1.5,,,20.5,10,84,0.5,1.5,2
88,Wyoming,2,24,19,30,63.3,224,3,34.5,146.5,4.2,0,64.5,370.5,8,1,,,17.5,6,48.5,0,1,1
89,Arkansas State,2,24.5,15.5,24.5,63.3,181,1.5,36,203.5,5.7,2,60.5,384.5,9.5,1.5,,,18.5,8,71,1,2,3
90,Buffalo,2,25,20.5,39,52.6,295,3,35,113,3.2,0,74,408,5,2.5,,,20.5,6,53.5,0.5,0.5,1
91,Wisconsin,2,25,17,26.5,64.2,193.5,1,35,132.5,3.8,1,61.5,326,8,1.5,,,17.5,5,45.5,0,0,0
92,Louisiana Tech,2,25.5,16,28.5,56.1,212,0.5,44,116.5,2.6,2,72.5,328.5,7,0.5,,,16.5,8,82.5,0.5,2,2.5
93,Hawaii,3,25.7,16.3,29,56.3,227.3,0.7,37.3,176.7,4.7,2.3,66.3,404,10,2,,,20.7,6.3,52.7,0.3,0.7,1
94,New Mexico State,3,25.7,22.3,34.7,64.4,240.7,1,30.7,118,3.8,2,65.3,358.7,6,1,,,18.3,5.7,52,0.3,1,1.3
95,Sacramento State,3,25.7,20.7,29,71.3,223.7,1.3,32.3,122,3.8,2,61.3,345.7,6,2.3,,,17.7,6.3,60.3,0.7,0,0.7
96,UNLV,3,25.7,16.3,32.7,50,220,1.3,35,165.3,4.7,1.3,67.7,385.3,8,2.7,,,20.7,7.7,67.3,0.3,0.3,0.7
97,Wake Forest,2,26,30,37.5,80,242.5,1.5,38,137.5,3.6,1.5,75.5,380,11.5,3,,,24.5,6.5,42.5,0.5,0,0.5
98,Eastern Michigan,3,26.3,22,37.7,58.4,250.7,1.7,32.7,148,4.5,1.3,70.3,398.7,7.7,0.7,,,18.7,9,72.3,1,0.7,1.7
99,Navy,2,26.5,20.5,26,78.8,296.5,3.5,32,40.5,1.3,0,58,337,7.5,2.5,,,20,5.5,42.5,0,0,0
100,Boise State,2,27,22.5,32,70.3,381,2,25.5,127,5,1,57.5,508,5,2,,,17.5,7.5,72,0.5,0.5,1
101,Illinois,2,27,16.5,26.5,62.3,212.5,2,41.5,182,4.4,1,68,394.5,9.5,2.5,,,21.5,10,90.5,0,0.5,0.5
102,Louisville,2,27,20.5,35.5,57.7,257,2,34.5,113.5,3.3,1,70,370.5,7,3,,,19.5,6.5,62,1,0.5,1.5
103,Old Dominion,2,27,23,32,71.9,210.5,1,41,107.5,2.6,1.5,73,318,7,2.5,,,19,6.5,38,2,0.5,2.5
104,Arizona State,2,27.5,13,24.5,53.1,124.5,1.5,30,97,3.2,1,54.5,221.5,5.5,1.5,,,12.5,3,21,0,0.5,0.5
105,Boston College,2,27.5,14.5,21,69,157.5,2,43.5,204,4.7,1.5,64.5,361.5,10,0.5,,,18,6,54.5,0,2,2
106,Oklahoma State,2,27.5,15.5,26.5,58.5,209,1.5,31.5,112,3.6,1.5,58,321,5,1,,,13.5,8,84,0.5,0.5,1
107,Rice,2,27.5,16.5,28,58.9,229,2,33.5,133,4,1,61.5,362,7,1,,,18.5,2.5,22.5,0,0.5,0.5
108,Memphis,3,27.7,21,32,65.6,279,1.3,39,211.7,5.4,2,71,490.7,11,2,,,24.3,7.3,66.3,0,1.3,1.3
109,San Jose State,3,27.7,26,39.7,65.5,254.7,1.3,31.3,120.7,3.9,2.3,71,375.3,8.3,1.3,,,20.7,3.3,26.3,0,1.3,1.3
110,Louisiana,2,28,19,31,61.3,209,2.5,34.5,135,3.9,0.5,65.5,344,7,1.5,,,20.5,6.5,54,0.5,2,2.5
111,Arkansas,2,28.5,16,26,61.5,207,1,27,90,3.3,3,53,297,5.5,2.5,,,15.5,8,64.5,0.5,0.5,1
112,Purdue,2,28.5,14,24.5,57.1,221.5,1,32.5,126,3.9,2,57,347.5,6.5,2,,,18.5,5.5,58.5,0,0.5,0.5
113,Clemson,2,29,24.5,42,58.3,289.5,1.5,38,165.5,4.4,2,80,455,11,2.5,,,25.5,7,76,0.5,0.5,1
114,Kentucky,2,29,20,30.5,65.6,217,1,34,107,3.1,2,64.5,324,7,2.5,,,20.5,6,36.5,1,1,2
115,North Texas,2,29,16,24.5,65.3,217,2,34.5,116,3.4,1.5,59,333,6,1.5,,,18,6.5,56,1.5,0.5,2
116,Washington State,2,29,23,34.5,66.7,230,2,34.5,214.5,6.2,1.5,69,444.5,10.5,1.5,,,22,7,77.5,0,1,1
117,Georgia Tech,2,29.5,12,24,50,136,1.5,47,241,5.1,2,71,377,14,1.5,,,22.5,10,101,0,0,0
118,UTEP,2,30.5,12.5,20.5,61,165,1.5,39.5,141,3.6,1.5,60,306,8,0.5,,,15.5,8.5,71,1,0.5,1.5
119,UAB,2,31,11.5,18.5,62.2,119,1.5,34.5,175.5,5.1,2,53,294.5,9,2.5,,,18,1,4,0,0.5,0.5
120,California,2,31.5,19.5,36.5,53.4,251.5,0.5,34,197.5,5.8,3.5,70.5,449,9,4,,,23.5,13,110,0,2,2
121,Missouri State,2,32,16.5,29,56.9,187,2.5,40.5,177,4.4,1.5,69.5,364,12,2,,,23.5,7.5,79.5,1,0.5,1.5
122,Rutgers,2,32.5,18.5,25.5,72.5,224.5,2,36.5,175,4.8,1.5,62,399.5,11,0.5,,,19.5,6,44,0.5,1,1.5
123,Miami (OH),2,33,23.5,34.5,68.1,310.5,4,25,103,4.1,0.5,59.5,413.5,5.5,2,,,21.5,4.5,28.5,0,0,0
124,Oregon,2,33,20.5,36,56.9,249,2.5,38,165,4.3,1,74,414,8.5,3,,,21.5,2.5,27.5,0,1,1
125,Northern Illinois,2,34,21,33.5,62.7,185.5,2,37,195,5.3,1.5,70.5,380.5,10.5,2,,,22.5,6.5,68.5,0,1.5,1.5
126,Oregon State,2,34,20.5,29.5,69.5,251,1.5,44,191.5,4.4,3,73.5,442.5,8.5,2,,,23,8.5,67.5,1,0.5,1.5
127,Marshall,2,35.5,22.5,37,60.8,283.5,3,33.5,136,4.1,1,70.5,419.5,7,0.5,,,23.5,5.5,39.5,0,0.5,0.5
128,Kent State,2,36,20,30,66.7,241,2,32.5,168,5.2,2.5,62.5,409,9,1,,,22.5,6,47.5,0,1,1
129,Stanford,2,36,31,44,70.5,353.5,3.5,27,83.5,3.1,1.5,71,437,6.5,1,,,23,6,40.5,0.5,0.5,1
130,Ball State,2,36.5,26.5,36.5,72.6,290.5,2.5,31.5,210,6.7,2.5,68,500.5,8.5,1,,,23.5,7,58.5,0,1.5,1.5
131,East Carolina,2,37.5,19.5,30,65,263.5,0,46.5,177.5,3.8,4,76.5,441,11,3.5,,,24.5,9.5,54.5,0.5,0,0.5
132,Bowling Green,2,38,21,28,75,244,3.5,33.5,261,7.8,1,61.5,505,10,2.5,,,23.5,7,63.5,0.5,0.5,1
133,Ohio,2,38,19,29,65.5,280.5,2,44,204.5,4.6,3,73,485,11.5,1.5,,,25,7,52.5,0.5,0,0.5
134,Charlotte,2,42,18,23.5,76.6,212.5,1,37,197.5,5.3,4.5,60.5,410,10.5,0.5,,,20.5,4.5,31,0,0.5,0.5
135,Louisiana-Monroe,2,44,17.5,29,60.3,266,2.5,44.5,305.5,6.9,2.5,73.5,571.5,15.5,0,,,29,8,72.5,0.5,0.5,1
136,Texas State,2,45,27.5,38.5,71.4,309,3,33.5,148,4.4,2.5,72,457,7.5,1.5,,,24,7.5,75,0,0.5,0.5
137,Florida Atlantic,2,48,14.5,24.5,59.2,245,3,38.5,263.5,6.8,3.5,63,508.5,10.5,3.5,,,24,6,51,0.5,1,1.5
138,Western Kentucky,2,59.5,12.5,20.5,61,211,3.5,38.5,278.5,7.2,4,59,489.5,10.5,1,,,19,5.5,53,1,0.5,1.5
